date,product_code,product,variant,gross_price,sold_quantity
2020-09-01,A0118150101,"AQ Dracula HDD – 3.5 Inch SATA 6 Gb/s 5400 RPM 256 MB Cache",Standard,19.0573,202
2020-09-01,A4419110403,"AQ Elite","Standard Red",288.0503,16
2020-09-01,A2720150701,"AQ Trigger Ms","Standard 1",17.0917,822
2020-09-01,A4218110204,"AQ Digit","Plus Grey",232.1038,27
2020-09-01,A5419110205,"AQ Gamer 2","Plus Cool Blue",570.7578,7
2020-09-01,A5419110206,"AQ Gamer 2","Plus Black",601.6398,4
2020-09-01,A3220150401,"AQ Lite","Standard 1",18.4943,197
2020-09-01,A5419110204,"AQ Gamer 2","Plus Firey Red",602.9200,5
2020-09-01,A2620150606,"AQ Qwerty Ms","Premium 2",16.7850,688
2020-09-01,A0118150102,"AQ Dracula HDD – 3.5 Inch SATA 6 Gb/s 5400 RPM 256 MB Cache",Plus,21.4565,162
2020-09-01,A4319110304,"AQ Velocity","Plus Grey",267.0636,40
2020-09-01,A5419110207,"AQ Gamer 2","Premium Black",599.2302,5
2020-09-01,A2721150702,"AQ Trigger Ms","Standard 2",17.2368,171
2020-09-01,A2021150503,"AQ MB Lito 2","Plus 2",45.4377,17
2020-09-01,A5419110208,"AQ Gamer 2","Premium Misty Green",608.4070,4
2020-09-01,A3718150103,"AQ LION x1","Plus 2",17.5697,28
2020-09-01,A3920150305,"AQ LION x3",Premium,27.4546,66
2020-09-01,A5419110203,"AQ Gamer 2","Standard Black",595.5711,14
2020-09-01,A0118150103,"AQ Dracula HDD – 3.5 Inch SATA 6 Gb/s 5400 RPM 256 MB Cache",Premium,21.7795,193
2020-09-01,A6818160202,"AQ Pen Drive DRC",Plus,3.8531,855
2020-09-01,A4118110105,"AQ Aspiron","Plus Blue",182.8932,22
2020-09-01,A2620150605,"AQ Qwerty Ms","Premium 1",16.5882,200
2020-09-01,A3320150506,"AQ Maxima","Premium 2",23.7678,530
2020-09-01,A5419110202,"AQ Gamer 2","Standard Cool Blue",567.9271,6
2020-09-01,A2721150703,"AQ Trigger Ms","Plus 1",16.9353,331
2020-09-01,A0921150601,"AQ Marquee P4",Standard,45.0813,56
2020-09-01,A5519110301,"AQ Gamer 3","Standard Firey Red",589.7411,3
2020-09-01,A0118150104,"AQ Dracula HDD – 3.5 Inch SATA 6 Gb/s 5400 RPM 256 MB Cache","Premium Plus",22.9729,146
2020-09-01,A4519110503,"AQ Gen X","Standard Red",306.9189,21
2020-09-01,A5519110302,"AQ Gamer 3","Standard Cool Blue",605.8642,13
2020-09-01,A6819160203,"AQ Pen Drive DRC",Premium,5.0984,1556
2020-09-01,A2620150604,"AQ Qwerty Ms","Plus 2",16.5491,433
2020-09-01,A4620110608,"AQ Gen Y","Premium Misty Green",363.0630,27
2020-09-01,A5419110201,"AQ Gamer 2","Standard Firey Red",585.0003,11
2020-09-01,A5519110303,"AQ Gamer 3","Standard Black",604.2721,4
2020-09-01,A2020150502,"AQ MB Lito 2","Plus 1",39.3932,115
2020-09-01,A0219150201,"AQ WereWolf NAS Internal Hard Drive HDD – 8.89 cm",Standard,23.6987,149
2020-09-01,A1320150403,"AQ Electron 5 3600 Desktop Processor",Premium,160.6912,186
2020-09-01,A2620150603,"AQ Qwerty Ms","Plus 1",15.9792,915
2020-09-01,A2721150704,"AQ Trigger Ms","Plus 2",19.5860,472
2020-09-01,A3220150402,"AQ Lite","Standard 2",18.7947,275
2020-09-01,A5519110304,"AQ Gamer 3","Plus Firey Red",597.7704,6
2020-09-01,A5520110305,"AQ Gamer 3","Plus Cool Blue",632.4885,6
2020-09-01,A5318110108,"AQ Gamer 1","Premium Misty Green",579.6609,17
2020-09-01,A2620150602,"AQ Qwerty Ms","Standard 2",15.8102,664
2020-09-01,A0219150202,"AQ WereWolf NAS Internal Hard Drive HDD – 8.89 cm",Plus,24.7312,107
2020-09-01,A1521150602,"AQ Electron 3 3600 Desktop Processor",Plus,185.4599,168
2020-09-01,A5520110306,"AQ Gamer 3","Plus Black",639.6816,14
2020-09-01,A7118160101,"AQ Wi Power Dx1",Standard,29.6712,528
2020-09-01,A5318110107,"AQ Gamer 1","Premium Black",571.6489,8
2020-09-01,A5520110307,"AQ Gamer 3","Premium Black",609.7926,5
2020-09-01,A2721150705,"AQ Trigger Ms","Premium 1",19.4042,1021
2020-09-01,A1018150101,"AQ 5000 Series Electron 9 5900X Desktop Processor",Standard,111.1036,91
2020-09-01,A2620150601,"AQ Qwerty Ms","Standard 1",14.9013,570
2020-09-01,A0220150203,"AQ WereWolf NAS Internal Hard Drive HDD – 8.89 cm",Premium,23.6154,123
2020-09-01,A3421150605,"AQ Qwerty","Premium 1",29.8692,417
2020-09-01,A5520110308,"AQ Gamer 3","Premium Misty Green",590.1159,11
2020-09-01,A2020150501,"AQ MB Lito 2",Standard,41.3696,143
2020-09-01,A4020150401,"AQ Mx NB",Standard,26.9302,31
2020-09-01,A5318110106,"AQ Gamer 1","Plus Black",565.8747,14
2020-09-01,A2520150506,"AQ Maxima Ms","Premium 2",14.5677,973
2020-09-01,A4620110607,"AQ Gen Y","Premium Black",347.8030,20
2020-09-01,A5318110105,"AQ Gamer 1","Plus Cool Blue",551.3303,8
2020-09-01,A0320150301,"AQ Zion Saga",Standard,23.7223,146
2020-09-01,A7119160102,"AQ Wi Power Dx1",Plus,29.9264,619
2020-09-01,A5620110401,"AQ Smash 1","Standard Firey Red",642.0698,8
2020-09-01,A2721150706,"AQ Trigger Ms","Premium 2",20.0537,404
2020-09-01,A1718150202,"AQ MB Crossx","Plus 1",22.8957,102
2020-09-01,A5620110402,"AQ Smash 1","Standard Cool Blue",593.8297,8
2020-09-01,A4021150405,"AQ Mx NB",Premium,31.7029,36
2020-09-01,A3718150102,"AQ LION x1","Plus 1 ",16.1015,25
2020-09-01,A4620110606,"AQ Gen Y","Plus Red",348.5375,33
2020-09-01,A0321150302,"AQ Zion Saga",Plus,27.1027,236
2020-09-01,A7119160103,"AQ Wi Power Dx1",Premium,28.7736,480
2020-09-01,A2520150505,"AQ Maxima Ms","Premium 1",15.1762,497
2020-09-01,A5318110104,"AQ Gamer 1","Plus Firey Red",586.3824,9
2020-09-01,A5621110403,"AQ Smash 1","Standard Black",631.1855,13
2020-09-01,A5621110404,"AQ Smash 1","Plus Firey Red",639.9614,15
2020-09-01,A2821150801,"AQ Lumina Ms","Standard 1",21.7118,314
2020-09-01,A1018150102,"AQ 5000 Series Electron 9 5900X Desktop Processor",Plus,123.4797,51
2020-09-01,A4118110106,"AQ Aspiron","Plus Red",187.7533,9
2020-09-01,A0321150303,"AQ Zion Saga",Premium,28.0059,137
2020-09-01,A3819150203,"AQ LION x2","Plus 2",18.4533,88
2020-09-01,A2520150504,"AQ Maxima Ms","Plus 2",14.2800,709
2020-09-01,A5621110405,"AQ Smash 1","Plus Cool Blue",601.8173,12
2020-09-01,A4218110205,"AQ Digit","Plus Blue",240.1403,40
2020-09-01,A5318110103,"AQ Gamer 1","Standard Black",584.9722,6
2020-09-01,A2520150503,"AQ Maxima Ms","Plus 1",14.1682,872
2020-09-01,A3220150403,"AQ Lite","Plus 1",18.5844,781
2020-09-01,A5220110408,"AQ BZ Gen Z","Premium Misty Green",533.0397,12
2020-09-01,A0418150103,"AQ Mforce Gen X","Standard 3",19.5235,23
2020-09-01,A4519110502,"AQ Gen X","Standard Blue",300.3378,40
2020-09-01,A5621110406,"AQ Smash 1","Plus Black",644.3777,10
2020-09-01,A2918150101,"AQ Master wired x1","Standard 1",6.8991,373
2020-09-01,A1920150404,"AQ MB Lito",Premium,38.9780,81
2020-09-01,A5621110407,"AQ Smash 1","Premium Black",655.7782,10
2020-09-01,A7219160201,"AQ Wi Power Dx2",Standard,32.9575,616
2020-09-01,A2520150502,"AQ Maxima Ms","Standard 2",14.5267,903
2020-09-01,A3320150504,"AQ Maxima","Plus 2",22.1341,723
2020-09-01,A0418150104,"AQ Mforce Gen X","Plus 1",19.9239,82
2020-09-01,A4620110605,"AQ Gen Y","Plus Blue",349.2525,16
2020-09-01,A5621110408,"AQ Smash 1","Premium Misty Green",657.2525,14
2020-09-01,A5219110407,"AQ BZ Gen Z","Premium Black",545.5931,22
2020-09-01,A5721110501,"AQ Smash 2","Standard Firey Red",649.6929,7
2020-09-01,A1018150103,"AQ 5000 Series Electron 9 5900X Desktop Processor",Premium,123.9315,159
2020-09-01,A2918150102,"AQ Master wired x1","Standard 2",7.5979,296
2020-09-01,A1521150601,"AQ Electron 3 3600 Desktop Processor",Standard,186.2917,82
2020-09-01,A4118110107,"AQ Aspiron","Premium Black",195.7721,20
2020-09-01,A0418150105,"AQ Mforce Gen X","Plus 2",20.0766,86
2020-09-01,A7220160202,"AQ Wi Power Dx2",Plus,35.2053,96
2020-09-01,A2520150501,"AQ Maxima Ms","Standard 1",12.0689,1036
2020-09-01,A4021150404,"AQ Mx NB","Plus 3",28.5800,75
2020-09-01,A5219110406,"AQ BZ Gen Z","Plus Red",550.4597,18
2020-09-01,A5721110502,"AQ Smash 2","Standard Cool Blue",627.9938,13
2020-09-01,A1919150403,"AQ MB Lito","Plus 2",35.8350,54
2020-09-01,A5219110405,"AQ BZ Gen Z","Plus Blue",521.2603,11
2020-09-01,A2420150406,"AQ Lite Ms","Premium 2",12.2979,302
2020-09-01,A0418150106,"AQ Mforce Gen X","Plus 3",19.9365,48
2020-09-01,A4319110305,"AQ Velocity","Plus Blue",277.8079,23
2020-09-01,A5721110503,"AQ Smash 2","Standard Black",678.3035,7
2020-09-01,A2918150103,"AQ Master wired x1","Plus 1",7.7693,290
2020-09-01,A4620110604,"AQ Gen Y","Plus Grey",353.0982,11
2020-09-01,A5721110504,"AQ Smash 2","Plus Firey Red",655.8348,15
2020-09-01,A2419150405,"AQ Lite Ms","Premium 1",12.7423,495
2020-09-01,A3220150404,"AQ Lite","Plus 2",18.4219,861
2020-09-01,A5219110403,"AQ BZ Gen Z","Standard Red",525.8042,12
2020-09-01,A0519150201,"AQ Mforce Gen Y","Standard 1",22.3984,138
2020-09-01,A1420150501,"AQ Electron 4 3600 Desktop Processor",Standard,160.5082,87
2020-09-01,A5721110505,"AQ Smash 2","Plus Cool Blue",674.4272,6
2020-09-01,A5721110506,"AQ Smash 2","Plus Black",720.5460,6
2020-09-01,A7220160203,"AQ Wi Power Dx2",Premium,37.4784,350
2020-09-01,A5219110402,"AQ BZ Gen Z","Standard Blue",490.1582,20
2020-09-01,A2918150104,"AQ Master wired x1","Plus 2",8.9514,239
2020-09-01,A1118150201,"AQ 5000 Series Electron 8 5900X Desktop Processor",Standard,124.2640,106
2020-09-01,A2419150404,"AQ Lite Ms","Plus 2",11.6332,144
2020-09-01,A0519150202,"AQ Mforce Gen Y","Standard 2",24.9298,72
2020-09-01,A1618150101,"AQ MB Elite",Standard,19.6485,117
2020-09-01,A5820110101,"AQ BZ Allin1","Standard 1",681.3022,27
2020-09-01,A3718150105,"AQ LION x1",Premium,18.0312,51
2020-09-01,A2419150403,"AQ Lite Ms","Plus 1",10.8925,310
2020-09-01,A1919150402,"AQ MB Lito","Plus 1",35.0256,144
2020-09-01,A5219110401,"AQ BZ Gen Z","Standard Grey",506.9644,27
2020-09-01,A5820110102,"AQ BZ Allin1","Standard 2",697.5541,28
2020-09-01,A1718150201,"AQ MB Crossx",Standard,21.8879,37
2020-09-01,A0519150203,"AQ Mforce Gen Y","Standard 3",26.5871,38
2020-09-01,A7321160301,"AQ Wi Power Dx3",Standard,40.7954,272
2020-09-01,A5820110103,"AQ BZ Allin1","Standard 3",735.1465,10
2020-09-01,A2918150105,"AQ Master wired x1","Premium 1",9.4650,364
2020-09-01,A3421150604,"AQ Qwerty","Plus 2",27.4152,114
2020-09-01,A3718150101,"AQ LION x1",Standard,16.5127,34
2020-09-01,A4620110603,"AQ Gen Y","Standard Red",366.0459,8
2020-09-01,A5119110308,"AQ BZ Gen Y","Premium Misty Green",512.5811,9
2020-09-01,A2419150402,"AQ Lite Ms","Standard 2",11.2819,218
2020-09-01,A0519150204,"AQ Mforce Gen Y","Plus 1",26.1081,149
2020-09-01,A7321160302,"AQ Wi Power Dx3",Plus,43.9446,507
2020-09-01,A5820110104,"AQ BZ Allin1","Plus 1",690.4971,22
2020-09-01,A4319110306,"AQ Velocity","Plus Red",275.8194,29
2020-09-01,A5119110307,"AQ BZ Gen Y","Premium Black",516.4580,27
2020-09-01,A5820110105,"AQ BZ Allin1","Plus 2",709.3926,19
2020-09-01,A2918150106,"AQ Master wired x1","Premium 2",10.4188,602
2020-09-01,A1118150202,"AQ 5000 Series Electron 8 5900X Desktop Processor",Plus,129.5836,33
2020-09-01,A2419150401,"AQ Lite Ms","Standard 1",11.4829,181
2020-09-01,A0519150205,"AQ Mforce Gen Y","Plus 2",29.7008,29
2020-09-01,A1618150102,"AQ MB Elite","Plus 1",20.4629,141
2020-09-01,A5820110106,"AQ BZ Allin1","Plus 3",692.5242,14
2020-09-01,A4218110201,"AQ Digit","Standard Grey",200.2732,11
2020-09-01,A1919150401,"AQ MB Lito",Standard,33.7609,103
2020-09-01,A5119110306,"AQ BZ Gen Y","Plus Red",486.4857,26
2020-09-01,A2319150306,"AQ Gamers Ms","Premium 2",10.8659,200
2020-09-01,A3220150405,"AQ Lite","Premium 1",18.9415,224
2020-09-01,A5119110305,"AQ BZ Gen Y","Plus Blue",483.3813,7
2020-09-01,A0519150206,"AQ Mforce Gen Y","Plus 3",31.2439,28
2020-09-01,A4519110501,"AQ Gen X","Standard Grey",311.8396,31
2020-09-01,A5820110107,"AQ BZ Allin1","Premium 1",737.6775,11
2020-09-01,A3018150201,"AQ Master wireless x1","Standard 1",10.7955,649
2020-09-01,A7321160303,"AQ Wi Power Dx3",Premium,42.8483,190
2020-09-01,A5821110108,"AQ BZ Allin1","Premium 2",746.7388,18
2020-09-01,A2319150305,"AQ Gamers Ms","Premium 1",10.4370,516
2020-09-01,A6018110101,"AQ Home Allin1","Standard 1",800.4577,1
2020-09-01,A3818150202,"AQ LION x2","Plus 1 ",17.5197,87
2020-09-01,A0519150207,"AQ Mforce Gen Y","Premium 1",32.4427,171
2020-09-01,A4620110602,"AQ Gen Y","Standard Blue",346.6886,10
2020-09-01,A6018110102,"AQ Home Allin1","Standard 2",764.0542,5
2020-09-01,A5119110303,"AQ BZ Gen Y","Standard Red",474.3154,23
2020-09-01,A2319150304,"AQ Gamers Ms","Plus 2",10.4573,466
2020-09-01,A3521150703,"AQ Trigger","Plus 1",31.7665,444
2020-09-01,A3018150202,"AQ Master wireless x1","Standard 2",11.0524,876
2020-09-01,A1119150203,"AQ 5000 Series Electron 8 5900X Desktop Processor",Premium,139.8962,158
2020-09-01,A6018110103,"AQ Home Allin1","Standard 3",770.9789,6
2020-09-01,A0519150208,"AQ Mforce Gen Y","Premium 2",30.5816,118
2020-09-01,A1618150104,"AQ MB Elite",Premium,21.4489,67
2020-09-01,A6018110104,"AQ Home Allin1","Plus 1",749.0987,5
2020-09-01,A3819150205,"AQ LION x2",Premium,21.6066,55
2020-09-01,A5119110302,"AQ BZ Gen Y","Standard Blue",474.3132,24
2020-09-01,A4218110202,"AQ Digit","Standard Blue",215.9341,9
2020-09-01,A1819150304,"AQ MB Crossx 2",Premium,32.2612,84
2020-09-01,A5119110301,"AQ BZ Gen Y","Standard Grey",479.0441,10
2020-09-01,A2319150303,"AQ Gamers Ms","Plus 1",9.3977,888
2020-09-01,A0619150301,"AQ Mforce Gen Z","Standard 1",30.4696,51
2020-09-01,A3920150304,"AQ LION x3","Plus 3",25.0442,75
2020-09-01,A6018110105,"AQ Home Allin1","Plus 2",766.6472,2
2020-09-01,A3018150203,"AQ Master wireless x1","Plus 1",12.3739,635
2020-09-01,A4620110601,"AQ Gen Y","Standard Grey",347.2474,31
2020-09-01,A3819150204,"AQ LION x2","Plus 3",21.1942,28
2020-09-01,A4218110206,"AQ Digit","Plus Red",237.0183,15
2020-09-01,A3220150406,"AQ Lite","Premium 2",20.0066,451
2020-09-01,A5019110208,"AQ BZ Compact","Premium Misty Green",467.3047,19
2020-09-01,A0619150302,"AQ Mforce Gen Z","Standard 2",34.0973,191
2020-09-01,A1420150502,"AQ Electron 4 3600 Desktop Processor",Plus,169.4999,81
2020-09-01,A2319150302,"AQ Gamers Ms","Standard 2",8.9901,537
2020-09-01,A6018110106,"AQ Home Allin1","Plus 3",787.5874,6
2020-09-01,A4218110207,"AQ Digit","Premium Black",249.1303,26
2020-09-01,A5018110207,"AQ BZ Compact","Premium Black",475.1904,17
2020-09-01,A3019150204,"AQ Master wireless x1","Plus 2",11.6011,202
2020-09-01,A1219150301,"AQ 5000 Series Ultron 8 5900X Desktop Processor",Standard,135.6822,114
2020-09-01,A6019110107,"AQ Home Allin1","Premium 1",785.9918,4
2020-09-01,A0620150303,"AQ Mforce Gen Z","Standard 3",34.2412,167
2020-09-01,A4419110404,"AQ Elite","Plus Grey",286.8973,29
2020-09-01,A2319150301,"AQ Gamers Ms","Standard 1",8.8044,765
2020-09-01,A4021150403,"AQ Mx NB","Plus 2",29.9423,52
2020-09-01,A6019110108,"AQ Home Allin1","Premium 2",796.6606,5
2020-09-01,A1819150303,"AQ MB Crossx 2","Plus 2",32.1924,48
2020-09-01,A5018110206,"AQ BZ Compact","Plus Red",475.5544,27
2020-09-01,A6119110201,"AQ HOME Allin1 Gen 2","Standard 1",824.0889,2
2020-09-01,A4419110401,"AQ Elite","Standard Grey",271.3471,9
2020-09-01,A0620150304,"AQ Mforce Gen Z","Plus 1",37.5826,122
2020-09-01,A3320150505,"AQ Maxima","Premium 1",23.0844,576
2020-09-01,A2219150206,"AQ Master wireless x1 Ms","Premium 2",8.3193,578
2020-09-01,A3019150205,"AQ Master wireless x1","Premium 1",12.0509,260
2020-09-01,A4520110508,"AQ Gen X","Premium Misty Green",327.0930,28
2020-09-01,A6119110202,"AQ HOME Allin1 Gen 2","Standard 2",790.1040,3
2020-09-01,A3521150705,"AQ Trigger","Premium 1",34.5114,796
2020-09-01,A5018110205,"AQ BZ Compact","Plus Blue",486.1763,24
2020-09-01,A2219150205,"AQ Master wireless x1 Ms","Premium 1",7.9813,969
2020-09-01,A0620150305,"AQ Mforce Gen Z","Plus 2",36.5679,173
2020-09-01,A3521150702,"AQ Trigger","Standard 2",30.3414,389
2020-09-01,A6119110203,"AQ HOME Allin1 Gen 2","Standard 3",769.5635,4
2020-09-01,A4419110406,"AQ Elite","Plus Red",287.5666,9
2020-09-01,A5018110204,"AQ BZ Compact","Plus Grey",447.7337,14
2020-09-01,A6119110204,"AQ HOME Allin1 Gen 2","Plus 1",807.2638,2
2020-09-01,A3019150206,"AQ Master wireless x1","Premium 2",13.0018,266
2020-09-01,A4520110507,"AQ Gen X","Premium Black",322.9426,29
2020-09-01,A2219150204,"AQ Master wireless x1 Ms","Plus 2",7.3526,749
2020-09-01,A0620150306,"AQ Mforce Gen Z","Plus 3",37.5278,182
2020-09-01,A1219150302,"AQ 5000 Series Ultron 8 5900X Desktop Processor",Plus,145.1474,168
2020-09-01,A6120110205,"AQ HOME Allin1 Gen 2","Plus 2",834.9812,2
2020-09-01,A3421150603,"AQ Qwerty","Plus 1",26.9507,579
2020-09-01,A4218110208,"AQ Digit","Premium Misty Green",243.0414,34
2020-09-01,A5018110203,"AQ BZ Compact","Standard Red",452.1420,10
2020-09-01,A6120110206,"AQ HOME Allin1 Gen 2","Plus 3",810.6034,4
2020-09-01,A3320150501,"AQ Maxima","Standard 1",20.3908,195
2020-09-01,A5018110202,"AQ BZ Compact","Standard Blue",462.5568,16
2020-09-01,A0621150307,"AQ Mforce Gen Z","Premium 1",36.2434,177
2020-09-01,A3420150602,"AQ Qwerty","Standard 2",23.9726,206
2020-09-01,A2219150203,"AQ Master wireless x1 Ms","Plus 1",6.7301,686
2020-09-01,A3119150301,"AQ Gamers ","Standard 1",13.5061,560
2020-09-01,A1819150302,"AQ MB Crossx 2","Plus 1",31.9525,38
2020-09-01,A6218160101,"AQ Digit SSD",Standard,13.5941,139
2020-09-01,A4020150402,"AQ Mx NB","Plus 1 ",28.4500,23
2020-09-01,A6218160102,"AQ Digit SSD",Plus,15.2481,476
2020-09-01,A3920150303,"AQ LION x3","Plus 2",25.4670,79
2020-09-01,A0621150308,"AQ Mforce Gen Z","Premium 2",39.3990,166
2020-09-01,A3521150701,"AQ Trigger","Standard 1",29.3872,92
2020-09-01,A2218150202,"AQ Master wireless x1 Ms","Standard 2",6.4054,218
2020-09-01,A5018110201,"AQ BZ Compact","Standard Grey",451.7049,17
2020-09-01,A6219160103,"AQ Digit SSD",Premium,16.3003,310
2020-09-01,A4419110408,"AQ Elite","Premium Misty Green",297.0277,19
2020-09-01,A3119150302,"AQ Gamers ","Standard 2",15.3071,396
2020-09-01,A1219150303,"AQ 5000 Series Ultron 8 5900X Desktop Processor",Premium,142.9402,153
2020-09-01,A4218110203,"AQ Digit","Standard Red",236.8486,11
2020-09-01,A0721150401,"AQ GT 21",Standard,39.3377,22
2020-09-01,A1618150103,"AQ MB Elite","Plus 2",21.2017,43
2020-09-01,A2218150201,"AQ Master wireless x1 Ms","Standard 1",5.4383,129
2020-09-01,A3818150201,"AQ LION x2",Standard,17.2648,78
2020-09-01,A4918110104,"AQ BZ 101","Premium Misty Green",460.2805,15
2020-09-01,A6319160201,"AQ Neuer SSD",Standard,17.3590,316
2020-09-01,A1819150301,"AQ MB Crossx 2",Standard,28.8615,20
2020-09-01,A4918110103,"AQ BZ 101","Premium Black",428.1451,28
2020-09-01,A6319160202,"AQ Neuer SSD",Plus,18.5733,730
2020-09-01,A0721150402,"AQ GT 21","Plus 1",39.1465,62
2020-09-01,A4520110506,"AQ Gen X","Plus Red",325.2561,35
2020-09-01,A2118150106,"AQ Master wired x1 Ms","Premium 2",5.2542,944
2020-09-01,A3119150303,"AQ Gamers ","Plus 1",16.2407,387
2020-09-01,A4318110301,"AQ Velocity","Standard Grey",264.7000,29
2020-09-01,A6319160203,"AQ Neuer SSD",Premium,19.3433,911
2020-09-01,A1421150503,"AQ Electron 4 3600 Desktop Processor",Premium,176.4389,84
2020-09-01,A3320150502,"AQ Maxima","Standard 2",21.6988,172
2020-09-01,A4918110102,"AQ BZ 101","Standard Blue",451.4881,10
2020-09-01,A0721150403,"AQ GT 21","Plus 2",39.2990,57
2020-09-01,A3420150601,"AQ Qwerty","Standard 1",24.5690,375
2020-09-01,A6419160301,"AQ Clx1",Standard,17.8043,799
2020-09-01,A2118150105,"AQ Master wired x1 Ms","Premium 1",4.6904,844
2020-09-01,A4319110302,"AQ Velocity","Standard Blue",267.2091,38
2020-09-01,A4918110101,"AQ BZ 101","Standard Grey",419.1936,13
2020-09-01,A3120150304,"AQ Gamers ","Plus 2",16.3792,831
2020-09-01,A1319150401,"AQ Electron 5 3600 Desktop Processor",Standard,149.1034,152
2020-09-01,A6419160302,"AQ Clx1",Plus,19.6723,204
2020-09-01,A0721150404,"AQ GT 21",Premium,39.1215,182
2020-09-01,A4419110402,"AQ Elite","Standard Blue",281.9504,37
2020-09-01,A3920150302,"AQ LION x3","Plus 1 ",23.1520,33
2020-09-01,A2118150104,"AQ Master wired x1 Ms","Plus 2",5.0459,433
2020-09-01,A6419160303,"AQ Clx1",Premium,19.3342,1028
2020-09-01,A1718150204,"AQ MB Crossx",Premium,28.3991,32
2020-09-01,A4721110705,"AQ GEN Z","Plus Blue",377.4069,11
2020-09-01,A6519160401,"AQ Clx2",Standard,20.2889,705
2020-09-01,A3920150301,"AQ LION x3",Standard,22.1454,69
2020-09-01,A0821150501,"AQ Marquee P3",Standard,40.5013,120
2020-09-01,A4520110505,"AQ Gen X","Plus Blue",325.2156,24
2020-09-01,A2118150103,"AQ Master wired x1 Ms","Plus 1",4.5295,383
2020-09-01,A3120150305,"AQ Gamers ","Premium 1",16.3218,609
2020-09-01,A3421150606,"AQ Qwerty","Premium 2",29.6709,368
2020-09-01,A6520160402,"AQ Clx2",Plus,20.1650,582
2020-09-01,A4419110405,"AQ Elite","Plus Blue",291.2071,15
2020-09-01,A4721110704,"AQ GEN Z","Plus Grey",380.2153,38
2020-09-01,A6520160403,"AQ Clx2",Premium,21.2830,984
2020-09-01,A0821150502,"AQ Marquee P3","Plus 1",43.2966,106
2020-09-01,A4520110504,"AQ Gen X","Plus Grey",341.7343,22
2020-09-01,A2118150102,"AQ Master wired x1 Ms","Standard 2",3.9998,177
2020-09-01,A4319110303,"AQ Velocity","Standard Red",261.2305,36
2020-09-01,A4721110703,"AQ GEN Z","Standard Red",361.6496,13
2020-09-01,A6620160501,"AQ Clx3",Standard,22.8530,732
2020-09-01,A3120150306,"AQ Gamers ","Premium 2",19.3003,194
2020-09-01,A1320150402,"AQ Electron 5 3600 Desktop Processor",Plus,150.2450,112
2020-09-01,A3521150704,"AQ Trigger","Plus 2",33.6246,137
2020-09-01,A0821150503,"AQ Marquee P3","Plus 2",42.3841,172
2020-09-01,A4419110407,"AQ Elite","Premium Black",287.4934,12
2020-09-01,A2118150101,"AQ Master wired x1 Ms","Standard 1",2.9434,537
2020-09-01,A6720160103,"AQ Pen Drive 2 IN 1",Premium,4.4411,194
2020-09-01,A1718150203,"AQ MB Crossx","Plus 2",27.3445,110
2020-09-01,A4720110702,"AQ GEN Z","Standard Blue",371.4027,17
2020-09-01,A6818160201,"AQ Pen Drive DRC",Standard,2.9990,1697
2020-09-01,A3320150503,"AQ Maxima","Plus 1",20.8733,637
2020-09-01,A4720110701,"AQ GEN Z","Standard Grey",367.7335,10
2020-09-01,A0821150504,"AQ Marquee P3",Premium,44.7044,197
2020-10-01,A0118150101,"AQ Dracula HDD – 3.5 Inch SATA 6 Gb/s 5400 RPM 256 MB Cache",Standard,19.0573,95
2020-10-01,A4021150405,"AQ Mx NB",Premium,31.7029,94
2020-10-01,A5419110204,"AQ Gamer 2","Plus Firey Red",602.9200,8
2020-10-01,A0118150102,"AQ Dracula HDD – 3.5 Inch SATA 6 Gb/s 5400 RPM 256 MB Cache",Plus,21.4565,237
2020-10-01,A2721150702,"AQ Trigger Ms","Standard 2",17.2368,276
2020-10-01,A5419110203,"AQ Gamer 2","Standard Black",595.5711,6
2020-10-01,A0118150103,"AQ Dracula HDD – 3.5 Inch SATA 6 Gb/s 5400 RPM 256 MB Cache",Premium,21.7795,102
2020-10-01,A5419110202,"AQ Gamer 2","Standard Cool Blue",567.9271,16
2020-10-01,A2721150703,"AQ Trigger Ms","Plus 1",16.9353,1090
2020-10-01,A0118150104,"AQ Dracula HDD – 3.5 Inch SATA 6 Gb/s 5400 RPM 256 MB Cache","Premium Plus",22.9729,276
2020-10-01,A3718150103,"AQ LION x1","Plus 2",17.5697,102
2020-10-01,A5419110201,"AQ Gamer 2","Standard Firey Red",585.0003,9
2020-10-01,A5318110108,"AQ Gamer 1","Premium Misty Green",579.6609,6
2020-10-01,A0219150201,"AQ WereWolf NAS Internal Hard Drive HDD – 8.89 cm",Standard,23.6987,164
2020-10-01,A2721150704,"AQ Trigger Ms","Plus 2",19.5860,560
2020-10-01,A0219150202,"AQ WereWolf NAS Internal Hard Drive HDD – 8.89 cm",Plus,24.7312,97
2020-10-01,A5318110107,"AQ Gamer 1","Premium Black",571.6489,16
2020-10-01,A2721150705,"AQ Trigger Ms","Premium 1",19.4042,654
2020-10-01,A0220150203,"AQ WereWolf NAS Internal Hard Drive HDD – 8.89 cm",Premium,23.6154,306
2020-10-01,A3819150205,"AQ LION x2",Premium,21.6066,48
2020-10-01,A5318110106,"AQ Gamer 1","Plus Black",565.8747,13
2020-10-01,A5318110105,"AQ Gamer 1","Plus Cool Blue",551.3303,7
2020-10-01,A0320150301,"AQ Zion Saga",Standard,23.7223,205
2020-10-01,A2721150706,"AQ Trigger Ms","Premium 2",20.0537,241
2020-10-01,A5318110104,"AQ Gamer 1","Plus Firey Red",586.3824,21
2020-10-01,A0321150302,"AQ Zion Saga",Plus,27.1027,135
2020-10-01,A2821150801,"AQ Lumina Ms","Standard 1",21.7118,438
2020-10-01,A0321150303,"AQ Zion Saga",Premium,28.0059,249
2020-10-01,A5318110103,"AQ Gamer 1","Standard Black",584.9722,16
2020-10-01,A5220110408,"AQ BZ Gen Z","Premium Misty Green",533.0397,36
2020-10-01,A0418150103,"AQ Mforce Gen X","Standard 3",19.5235,220
2020-10-01,A2918150101,"AQ Master wired x1","Standard 1",6.8991,757
2020-10-01,A4021150404,"AQ Mx NB","Plus 3",28.5800,82
2020-10-01,A5219110407,"AQ BZ Gen Z","Premium Black",545.5931,25
2020-10-01,A0418150104,"AQ Mforce Gen X","Plus 1",19.9239,226
2020-10-01,A5219110406,"AQ BZ Gen Z","Plus Red",550.4597,9
2020-10-01,A2918150102,"AQ Master wired x1","Standard 2",7.5979,849
2020-10-01,A0418150105,"AQ Mforce Gen X","Plus 2",20.0766,248
2020-10-01,A5219110405,"AQ BZ Gen Z","Plus Blue",521.2603,37
2020-10-01,A0418150106,"AQ Mforce Gen X","Plus 3",19.9365,75
2020-10-01,A2918150103,"AQ Master wired x1","Plus 1",7.7693,247
2020-10-01,A5219110403,"AQ BZ Gen Z","Standard Red",525.8042,16
2020-10-01,A0519150201,"AQ Mforce Gen Y","Standard 1",22.3984,82
2020-10-01,A5219110402,"AQ BZ Gen Z","Standard Blue",490.1582,34
2020-10-01,A2918150104,"AQ Master wired x1","Plus 2",8.9514,622
2020-10-01,A0519150202,"AQ Mforce Gen Y","Standard 2",24.9298,49
2020-10-01,A5219110401,"AQ BZ Gen Z","Standard Grey",506.9644,30
2020-10-01,A5119110308,"AQ BZ Gen Y","Premium Misty Green",512.5811,7
2020-10-01,A0519150203,"AQ Mforce Gen Y","Standard 3",26.5871,193
2020-10-01,A2918150105,"AQ Master wired x1","Premium 1",9.4650,664
2020-10-01,A3718150105,"AQ LION x1",Premium,18.0312,54
2020-10-01,A0519150204,"AQ Mforce Gen Y","Plus 1",26.1081,193
2020-10-01,A5119110307,"AQ BZ Gen Y","Premium Black",516.4580,27
2020-10-01,A2918150106,"AQ Master wired x1","Premium 2",10.4188,680
2020-10-01,A0519150205,"AQ Mforce Gen Y","Plus 2",29.7008,216
2020-10-01,A5119110306,"AQ BZ Gen Y","Plus Red",486.4857,26
2020-10-01,A5119110305,"AQ BZ Gen Y","Plus Blue",483.3813,36
2020-10-01,A0519150206,"AQ Mforce Gen Y","Plus 3",31.2439,136
2020-10-01,A3018150201,"AQ Master wireless x1","Standard 1",10.7955,650
2020-10-01,A5119110303,"AQ BZ Gen Y","Standard Red",474.3154,11
2020-10-01,A0519150207,"AQ Mforce Gen Y","Premium 1",32.4427,123
2020-10-01,A5119110302,"AQ BZ Gen Y","Standard Blue",474.3132,22
2020-10-01,A3018150202,"AQ Master wireless x1","Standard 2",11.0524,627
2020-10-01,A0519150208,"AQ Mforce Gen Y","Premium 2",30.5816,219
2020-10-01,A5119110301,"AQ BZ Gen Y","Standard Grey",479.0441,11
2020-10-01,A0619150301,"AQ Mforce Gen Z","Standard 1",30.4696,45
2020-10-01,A3018150203,"AQ Master wireless x1","Plus 1",12.3739,856
2020-10-01,A4021150403,"AQ Mx NB","Plus 2",29.9423,62
2020-10-01,A5019110208,"AQ BZ Compact","Premium Misty Green",467.3047,36
2020-10-01,A0619150302,"AQ Mforce Gen Z","Standard 2",34.0973,29
2020-10-01,A5018110207,"AQ BZ Compact","Premium Black",475.1904,32
2020-10-01,A3019150204,"AQ Master wireless x1","Plus 2",11.6011,888
2020-10-01,A0620150303,"AQ Mforce Gen Z","Standard 3",34.2412,93
2020-10-01,A5018110206,"AQ BZ Compact","Plus Red",475.5544,9
2020-10-01,A5018110205,"AQ BZ Compact","Plus Blue",486.1763,32
2020-10-01,A0620150304,"AQ Mforce Gen Z","Plus 1",37.5826,242
2020-10-01,A3019150205,"AQ Master wireless x1","Premium 1",12.0509,696
2020-10-01,A0620150305,"AQ Mforce Gen Z","Plus 2",36.5679,231
2020-10-01,A5018110204,"AQ BZ Compact","Plus Grey",447.7337,14
2020-10-01,A3019150206,"AQ Master wireless x1","Premium 2",13.0018,288
2020-10-01,A0620150306,"AQ Mforce Gen Z","Plus 3",37.5278,231
2020-10-01,A4020150402,"AQ Mx NB","Plus 1 ",28.4500,30
2020-10-01,A5018110203,"AQ BZ Compact","Standard Red",452.1420,37
2020-10-01,A5018110202,"AQ BZ Compact","Standard Blue",462.5568,11
2020-10-01,A0621150307,"AQ Mforce Gen Z","Premium 1",36.2434,47
2020-10-01,A3119150301,"AQ Gamers ","Standard 1",13.5061,1085
2020-10-01,A5018110201,"AQ BZ Compact","Standard Grey",451.7049,16
2020-10-01,A0621150308,"AQ Mforce Gen Z","Premium 2",39.3990,235
2020-10-01,A4918110104,"AQ BZ 101","Premium Misty Green",460.2805,33
2020-10-01,A3119150302,"AQ Gamers ","Standard 2",15.3071,796
2020-10-01,A0721150401,"AQ GT 21",Standard,39.3377,218
2020-10-01,A4918110103,"AQ BZ 101","Premium Black",428.1451,15
2020-10-01,A0721150402,"AQ GT 21","Plus 1",39.1465,43
2020-10-01,A3119150303,"AQ Gamers ","Plus 1",16.2407,698
2020-10-01,A3818150201,"AQ LION x2",Standard,17.2648,67
2020-10-01,A4918110102,"AQ BZ 101","Standard Blue",451.4881,29
2020-10-01,A0721150403,"AQ GT 21","Plus 2",39.2990,184
2020-10-01,A4918110101,"AQ BZ 101","Standard Grey",419.1936,18
2020-10-01,A3120150304,"AQ Gamers ","Plus 2",16.3792,583
2020-10-01,A0721150404,"AQ GT 21",Premium,39.1215,64
2020-10-01,A4721110705,"AQ GEN Z","Plus Blue",377.4069,36
2020-10-01,A4721110704,"AQ GEN Z","Plus Grey",380.2153,44
2020-10-01,A0821150501,"AQ Marquee P3",Standard,40.5013,174
2020-10-01,A3120150305,"AQ Gamers ","Premium 1",16.3218,888
2020-10-01,A3920150301,"AQ LION x3",Standard,22.1454,94
2020-10-01,A0821150502,"AQ Marquee P3","Plus 1",43.2966,237
2020-10-01,A4721110703,"AQ GEN Z","Standard Red",361.6496,34
2020-10-01,A3120150306,"AQ Gamers ","Premium 2",19.3003,746
2020-10-01,A0821150503,"AQ Marquee P3","Plus 2",42.3841,237
2020-10-01,A4720110702,"AQ GEN Z","Standard Blue",371.4027,18
2020-10-01,A4720110701,"AQ GEN Z","Standard Grey",367.7335,35
2020-10-01,A0821150504,"AQ Marquee P3",Premium,44.7044,249
2020-10-01,A3220150401,"AQ Lite","Standard 1",18.4943,851
2020-10-01,A4020150401,"AQ Mx NB",Standard,26.9302,32
2020-10-01,A4620110608,"AQ Gen Y","Premium Misty Green",363.0630,11
2020-10-01,A0921150601,"AQ Marquee P4",Standard,45.0813,217
2020-10-01,A4620110607,"AQ Gen Y","Premium Black",347.8030,31
2020-10-01,A3220150402,"AQ Lite","Standard 2",18.7947,947
2020-10-01,A1018150101,"AQ 5000 Series Electron 9 5900X Desktop Processor",Standard,111.1036,132
2020-10-01,A4620110606,"AQ Gen Y","Plus Red",348.5375,35
2020-10-01,A1018150102,"AQ 5000 Series Electron 9 5900X Desktop Processor",Plus,123.4797,226
2020-10-01,A3220150403,"AQ Lite","Plus 1",18.5844,654
2020-10-01,A4620110605,"AQ Gen Y","Plus Blue",349.2525,14
2020-10-01,A1018150103,"AQ 5000 Series Electron 9 5900X Desktop Processor",Premium,123.9315,196
2020-10-01,A4620110604,"AQ Gen Y","Plus Grey",353.0982,37
2020-10-01,A3220150404,"AQ Lite","Plus 2",18.4219,554
2020-10-01,A1118150201,"AQ 5000 Series Electron 8 5900X Desktop Processor",Standard,124.2640,138
2020-10-01,A3920150305,"AQ LION x3",Premium,27.4546,108
2020-10-01,A4620110603,"AQ Gen Y","Standard Red",366.0459,14
2020-10-01,A4620110602,"AQ Gen Y","Standard Blue",346.6886,31
2020-10-01,A1118150202,"AQ 5000 Series Electron 8 5900X Desktop Processor",Plus,129.5836,108
2020-10-01,A3220150405,"AQ Lite","Premium 1",18.9415,1089
2020-10-01,A1119150203,"AQ 5000 Series Electron 8 5900X Desktop Processor",Premium,139.8962,220
2020-10-01,A4620110601,"AQ Gen Y","Standard Grey",347.2474,21
2020-10-01,A3220150406,"AQ Lite","Premium 2",20.0066,760
2020-10-01,A1219150301,"AQ 5000 Series Ultron 8 5900X Desktop Processor",Standard,135.6822,97
2020-10-01,A3818150202,"AQ LION x2","Plus 1 ",17.5197,19
2020-10-01,A4520110508,"AQ Gen X","Premium Misty Green",327.0930,43
2020-10-01,A4520110507,"AQ Gen X","Premium Black",322.9426,15
2020-10-01,A1219150302,"AQ 5000 Series Ultron 8 5900X Desktop Processor",Plus,145.1474,258
2020-10-01,A3320150501,"AQ Maxima","Standard 1",20.3908,279
2020-10-01,A4520110506,"AQ Gen X","Plus Red",325.2561,24
2020-10-01,A1219150303,"AQ 5000 Series Ultron 8 5900X Desktop Processor",Premium,142.9402,83
2020-10-01,A4520110505,"AQ Gen X","Plus Blue",325.2156,26
2020-10-01,A3320150502,"AQ Maxima","Standard 2",21.6988,567
2020-10-01,A1319150401,"AQ Electron 5 3600 Desktop Processor",Standard,149.1034,132
2020-10-01,A4520110504,"AQ Gen X","Plus Grey",341.7343,35
2020-10-01,A1320150402,"AQ Electron 5 3600 Desktop Processor",Plus,150.2450,55
2020-10-01,A3320150503,"AQ Maxima","Plus 1",20.8733,197
2020-10-01,A4519110503,"AQ Gen X","Standard Red",306.9189,42
2020-10-01,A1320150403,"AQ Electron 5 3600 Desktop Processor",Premium,160.6912,136
2020-10-01,A4519110502,"AQ Gen X","Standard Blue",300.3378,36
2020-10-01,A3320150504,"AQ Maxima","Plus 2",22.1341,522
2020-10-01,A1420150501,"AQ Electron 4 3600 Desktop Processor",Standard,160.5082,97
2020-10-01,A4519110501,"AQ Gen X","Standard Grey",311.8396,9
2020-10-01,A4419110408,"AQ Elite","Premium Misty Green",297.0277,24
2020-10-01,A1420150502,"AQ Electron 4 3600 Desktop Processor",Plus,169.4999,41
2020-10-01,A3320150505,"AQ Maxima","Premium 1",23.0844,561
2020-10-01,A3920150304,"AQ LION x3","Plus 3",25.0442,26
2020-10-01,A1421150503,"AQ Electron 4 3600 Desktop Processor",Premium,176.4389,136
2020-10-01,A4419110407,"AQ Elite","Premium Black",287.4934,21
2020-10-01,A3320150506,"AQ Maxima","Premium 2",23.7678,988
2020-10-01,A1521150601,"AQ Electron 3 3600 Desktop Processor",Standard,186.2917,99
2020-10-01,A4419110406,"AQ Elite","Plus Red",287.5666,10
2020-10-01,A4419110405,"AQ Elite","Plus Blue",291.2071,38
2020-10-01,A1521150602,"AQ Electron 3 3600 Desktop Processor",Plus,185.4599,251
2020-10-01,A3420150601,"AQ Qwerty","Standard 1",24.5690,371
2020-10-01,A7220160203,"AQ Wi Power Dx2",Premium,37.4784,917
2020-10-01,A4419110404,"AQ Elite","Plus Grey",286.8973,40
2020-10-01,A1618150101,"AQ MB Elite",Standard,19.6485,104
2020-10-01,A4419110403,"AQ Elite","Standard Red",288.0503,11
2020-10-01,A3420150602,"AQ Qwerty","Standard 2",23.9726,908
2020-10-01,A1618150102,"AQ MB Elite","Plus 1",20.4629,146
2020-10-01,A4419110402,"AQ Elite","Standard Blue",281.9504,12
2020-10-01,A1618150103,"AQ MB Elite","Plus 2",21.2017,137
2020-10-01,A3421150603,"AQ Qwerty","Plus 1",26.9507,272
2020-10-01,A3819150203,"AQ LION x2","Plus 2",18.4533,96
2020-10-01,A4419110401,"AQ Elite","Standard Grey",271.3471,30
2020-10-01,A1618150104,"AQ MB Elite",Premium,21.4489,94
2020-10-01,A4319110306,"AQ Velocity","Plus Red",275.8194,38
2020-10-01,A3421150604,"AQ Qwerty","Plus 2",27.4152,700
2020-10-01,A1718150201,"AQ MB Crossx",Standard,21.8879,158
2020-10-01,A4319110305,"AQ Velocity","Plus Blue",277.8079,36
2020-10-01,A4319110304,"AQ Velocity","Plus Grey",267.0636,44
2020-10-01,A1718150202,"AQ MB Crossx","Plus 1",22.8957,25
2020-10-01,A3421150605,"AQ Qwerty","Premium 1",29.8692,963
2020-10-01,A1718150203,"AQ MB Crossx","Plus 2",27.3445,76
2020-10-01,A4319110303,"AQ Velocity","Standard Red",261.2305,14
2020-10-01,A3421150606,"AQ Qwerty","Premium 2",29.6709,773
2020-10-01,A1718150204,"AQ MB Crossx",Premium,28.3991,66
2020-10-01,A3920150303,"AQ LION x3","Plus 2",25.4670,84
2020-10-01,A4319110302,"AQ Velocity","Standard Blue",267.2091,24
2020-10-01,A4318110301,"AQ Velocity","Standard Grey",264.7000,45
2020-10-01,A1819150301,"AQ MB Crossx 2",Standard,28.8615,46
2020-10-01,A3521150701,"AQ Trigger","Standard 1",29.3872,183
2020-10-01,A4218110208,"AQ Digit","Premium Misty Green",243.0414,35
2020-10-01,A1819150302,"AQ MB Crossx 2","Plus 1",31.9525,127
2020-10-01,A4218110207,"AQ Digit","Premium Black",249.1303,37
2020-10-01,A3521150702,"AQ Trigger","Standard 2",30.3414,888
2020-10-01,A1819150303,"AQ MB Crossx 2","Plus 2",32.1924,153
2020-10-01,A4218110206,"AQ Digit","Plus Red",237.0183,19
2020-10-01,A1819150304,"AQ MB Crossx 2",Premium,32.2612,167
2020-10-01,A3521150703,"AQ Trigger","Plus 1",31.7665,819
2020-10-01,A7321160303,"AQ Wi Power Dx3",Premium,42.8483,586
2020-10-01,A1919150401,"AQ MB Lito",Standard,33.7609,108
2020-10-01,A7321160302,"AQ Wi Power Dx3",Plus,43.9446,243
2020-10-01,A7321160301,"AQ Wi Power Dx3",Standard,40.7954,479
2020-10-01,A1919150402,"AQ MB Lito","Plus 1",35.0256,88
2020-10-01,A3920150302,"AQ LION x3","Plus 1 ",23.1520,104
2020-10-01,A7220160202,"AQ Wi Power Dx2",Plus,35.2053,685
2020-10-01,A1919150403,"AQ MB Lito","Plus 2",35.8350,79
2020-10-01,A4218110205,"AQ Digit","Plus Blue",240.1403,44
2020-10-01,A7219160201,"AQ Wi Power Dx2",Standard,32.9575,768
2020-10-01,A1920150404,"AQ MB Lito",Premium,38.9780,117
2020-10-01,A7119160103,"AQ Wi Power Dx1",Premium,28.7736,618
2020-10-01,A7119160102,"AQ Wi Power Dx1",Plus,29.9264,305
2020-10-01,A2020150501,"AQ MB Lito 2",Standard,41.3696,26
2020-10-01,A7118160101,"AQ Wi Power Dx1",Standard,29.6712,507
2020-10-01,A6819160203,"AQ Pen Drive DRC",Premium,5.0984,1483
2020-10-01,A2020150502,"AQ MB Lito 2","Plus 1",39.3932,168
2020-10-01,A4218110204,"AQ Digit","Plus Grey",232.1038,28
2020-10-01,A6818160202,"AQ Pen Drive DRC",Plus,3.8531,2256
2020-10-01,A2021150503,"AQ MB Lito 2","Plus 2",45.4377,179
2020-10-01,A6818160201,"AQ Pen Drive DRC",Standard,2.9990,828
2020-10-01,A6720160103,"AQ Pen Drive 2 IN 1",Premium,4.4411,2256
2020-10-01,A2118150101,"AQ Master wired x1 Ms","Standard 1",2.9434,1036
2020-10-01,A6620160501,"AQ Clx3",Standard,22.8530,387
2020-10-01,A6520160403,"AQ Clx2",Premium,21.2830,581
2020-10-01,A2118150102,"AQ Master wired x1 Ms","Standard 2",3.9998,1111
2020-10-01,A3521150704,"AQ Trigger","Plus 2",33.6246,718
2020-10-01,A6520160402,"AQ Clx2",Plus,20.1650,1030
2020-10-01,A2118150103,"AQ Master wired x1 Ms","Plus 1",4.5295,352
2020-10-01,A6519160401,"AQ Clx2",Standard,20.2889,292
2020-10-01,A6419160303,"AQ Clx1",Premium,19.3342,1274
2020-10-01,A2118150104,"AQ Master wired x1 Ms","Plus 2",5.0459,979
2020-10-01,A6419160302,"AQ Clx1",Plus,19.6723,1276
2020-10-01,A6419160301,"AQ Clx1",Standard,17.8043,360
2020-10-01,A2118150105,"AQ Master wired x1 Ms","Premium 1",4.6904,600
2020-10-01,A6319160203,"AQ Neuer SSD",Premium,19.3433,462
2020-10-01,A2118150106,"AQ Master wired x1 Ms","Premium 2",5.2542,860
2020-10-01,A4218110203,"AQ Digit","Standard Red",236.8486,50
2020-10-01,A6319160202,"AQ Neuer SSD",Plus,18.5733,1330
2020-10-01,A6319160201,"AQ Neuer SSD",Standard,17.3590,979
2020-10-01,A2218150201,"AQ Master wireless x1 Ms","Standard 1",5.4383,368
2020-10-01,A6219160103,"AQ Digit SSD",Premium,16.3003,938
2020-10-01,A6218160102,"AQ Digit SSD",Plus,15.2481,1165
2020-10-01,A2218150202,"AQ Master wireless x1 Ms","Standard 2",6.4054,584
2020-10-01,A6218160101,"AQ Digit SSD",Standard,13.5941,565
2020-10-01,A2219150203,"AQ Master wireless x1 Ms","Plus 1",6.7301,817
2020-10-01,A6120110206,"AQ HOME Allin1 Gen 2","Plus 3",810.6034,5
2020-10-01,A6120110205,"AQ HOME Allin1 Gen 2","Plus 2",834.9812,7
2020-10-01,A2219150204,"AQ Master wireless x1 Ms","Plus 2",7.3526,979
2020-10-01,A4218110202,"AQ Digit","Standard Blue",215.9341,48
2020-10-01,A6119110204,"AQ HOME Allin1 Gen 2","Plus 1",807.2638,7
2020-10-01,A6119110203,"AQ HOME Allin1 Gen 2","Standard 3",769.5635,3
2020-10-01,A2219150205,"AQ Master wireless x1 Ms","Premium 1",7.9813,992
2020-10-01,A6119110202,"AQ HOME Allin1 Gen 2","Standard 2",790.1040,7
2020-10-01,A6119110201,"AQ HOME Allin1 Gen 2","Standard 1",824.0889,3
2020-10-01,A2219150206,"AQ Master wireless x1 Ms","Premium 2",8.3193,308
2020-10-01,A3521150705,"AQ Trigger","Premium 1",34.5114,165
2020-10-01,A6019110108,"AQ Home Allin1","Premium 2",796.6606,2
2020-10-01,A2319150301,"AQ Gamers Ms","Standard 1",8.8044,297
2020-10-01,A6019110107,"AQ Home Allin1","Premium 1",785.9918,3
2020-10-01,A6018110106,"AQ Home Allin1","Plus 3",787.5874,7
2020-10-01,A2319150302,"AQ Gamers Ms","Standard 2",8.9901,1333
2020-10-01,A6018110105,"AQ Home Allin1","Plus 2",766.6472,6
2020-10-01,A6018110104,"AQ Home Allin1","Plus 1",749.0987,7
2020-10-01,A2319150303,"AQ Gamers Ms","Plus 1",9.3977,906
2020-10-01,A6018110103,"AQ Home Allin1","Standard 3",770.9789,2
2020-10-01,A2319150304,"AQ Gamers Ms","Plus 2",10.4573,1179
2020-10-01,A6018110102,"AQ Home Allin1","Standard 2",764.0542,6
2020-10-01,A6018110101,"AQ Home Allin1","Standard 1",800.4577,2
2020-10-01,A2319150305,"AQ Gamers Ms","Premium 1",10.4370,571
2020-10-01,A4218110201,"AQ Digit","Standard Grey",200.2732,48
2020-10-01,A5821110108,"AQ BZ Allin1","Premium 2",746.7388,32
2020-10-01,A5820110107,"AQ BZ Allin1","Premium 1",737.6775,34
2020-10-01,A2319150306,"AQ Gamers Ms","Premium 2",10.8659,787
2020-10-01,A5820110106,"AQ BZ Allin1","Plus 3",692.5242,25
2020-10-01,A5820110105,"AQ BZ Allin1","Plus 2",709.3926,29
2020-10-01,A2419150401,"AQ Lite Ms","Standard 1",11.4829,397
2020-10-01,A5820110104,"AQ BZ Allin1","Plus 1",690.4971,7
2020-10-01,A2419150402,"AQ Lite Ms","Standard 2",11.2819,273
2020-10-01,A5820110103,"AQ BZ Allin1","Standard 3",735.1465,17
2020-10-01,A5820110102,"AQ BZ Allin1","Standard 2",697.5541,11
2020-10-01,A2419150403,"AQ Lite Ms","Plus 1",10.8925,784
2020-10-01,A3718150101,"AQ LION x1",Standard,16.5127,42
2020-10-01,A5820110101,"AQ BZ Allin1","Standard 1",681.3022,22
2020-10-01,A5721110506,"AQ Smash 2","Plus Black",720.5460,16
2020-10-01,A2419150404,"AQ Lite Ms","Plus 2",11.6332,324
2020-10-01,A5721110505,"AQ Smash 2","Plus Cool Blue",674.4272,18
2020-10-01,A2419150405,"AQ Lite Ms","Premium 1",12.7423,708
2020-10-01,A3819150204,"AQ LION x2","Plus 3",21.1942,51
2020-10-01,A5721110504,"AQ Smash 2","Plus Firey Red",655.8348,15
2020-10-01,A5721110503,"AQ Smash 2","Standard Black",678.3035,17
2020-10-01,A2420150406,"AQ Lite Ms","Premium 2",12.2979,465
2020-10-01,A4118110107,"AQ Aspiron","Premium Black",195.7721,44
2020-10-01,A5721110502,"AQ Smash 2","Standard Cool Blue",627.9938,20
2020-10-01,A5721110501,"AQ Smash 2","Standard Firey Red",649.6929,21
2020-10-01,A2520150501,"AQ Maxima Ms","Standard 1",12.0689,511
2020-10-01,A5621110408,"AQ Smash 1","Premium Misty Green",657.2525,13
2020-10-01,A2520150502,"AQ Maxima Ms","Standard 2",14.5267,779
2020-10-01,A5621110407,"AQ Smash 1","Premium Black",655.7782,13
2020-10-01,A5621110406,"AQ Smash 1","Plus Black",644.3777,11
2020-10-01,A2520150503,"AQ Maxima Ms","Plus 1",14.1682,833
2020-10-01,A4118110106,"AQ Aspiron","Plus Red",187.7533,48
2020-10-01,A5621110405,"AQ Smash 1","Plus Cool Blue",601.8173,22
2020-10-01,A5621110404,"AQ Smash 1","Plus Firey Red",639.9614,19
2020-10-01,A2520150504,"AQ Maxima Ms","Plus 2",14.2800,1133
2020-10-01,A5621110403,"AQ Smash 1","Standard Black",631.1855,5
2020-10-01,A2520150505,"AQ Maxima Ms","Premium 1",15.1762,727
2020-10-01,A5620110402,"AQ Smash 1","Standard Cool Blue",593.8297,16
2020-10-01,A5620110401,"AQ Smash 1","Standard Firey Red",642.0698,13
2020-10-01,A2520150506,"AQ Maxima Ms","Premium 2",14.5677,776
2020-10-01,A3718150102,"AQ LION x1","Plus 1 ",16.1015,38
2020-10-01,A5520110308,"AQ Gamer 3","Premium Misty Green",590.1159,19
2020-10-01,A5520110307,"AQ Gamer 3","Premium Black",609.7926,17
2020-10-01,A2620150601,"AQ Qwerty Ms","Standard 1",14.9013,160
2020-10-01,A5520110306,"AQ Gamer 3","Plus Black",639.6816,15
2020-10-01,A2620150602,"AQ Qwerty Ms","Standard 2",15.8102,1176
2020-10-01,A5520110305,"AQ Gamer 3","Plus Cool Blue",632.4885,5
2020-10-01,A5519110304,"AQ Gamer 3","Plus Firey Red",597.7704,19
2020-10-01,A2620150603,"AQ Qwerty Ms","Plus 1",15.9792,138
2020-10-01,A5519110303,"AQ Gamer 3","Standard Black",604.2721,6
2020-10-01,A5519110302,"AQ Gamer 3","Standard Cool Blue",605.8642,15
2020-10-01,A2620150604,"AQ Qwerty Ms","Plus 2",16.5491,884
2020-10-01,A4118110105,"AQ Aspiron","Plus Blue",182.8932,38
2020-10-01,A5519110301,"AQ Gamer 3","Standard Firey Red",589.7411,6
2020-10-01,A2620150605,"AQ Qwerty Ms","Premium 1",16.5882,1136
2020-10-01,A5419110208,"AQ Gamer 2","Premium Misty Green",608.4070,5
2020-10-01,A5419110207,"AQ Gamer 2","Premium Black",599.2302,14
2020-10-01,A2620150606,"AQ Qwerty Ms","Premium 2",16.7850,1071
2020-10-01,A5419110206,"AQ Gamer 2","Plus Black",601.6398,14
2020-10-01,A5419110205,"AQ Gamer 2","Plus Cool Blue",570.7578,9
2020-10-01,A2720150701,"AQ Trigger Ms","Standard 1",17.0917,1236
2020-12-01,A2021150503,"AQ MB Lito 2","Plus 2",45.4377,187
2020-12-01,A0821150504,"AQ Marquee P3",Premium,44.7044,193
2020-12-01,A4319110303,"AQ Velocity","Standard Red",261.2305,56
2020-12-01,A4720110701,"AQ GEN Z","Standard Grey",367.7335,30
2020-12-01,A6720160103,"AQ Pen Drive 2 IN 1",Premium,4.4411,703
2020-12-01,A1320150402,"AQ Electron 5 3600 Desktop Processor",Plus,150.2450,262
2020-12-01,A4020150401,"AQ Mx NB",Standard,26.9302,105
2020-12-01,A0821150503,"AQ Marquee P3","Plus 2",42.3841,208
2020-12-01,A1421150503,"AQ Electron 4 3600 Desktop Processor",Premium,176.4389,88
2020-12-01,A2118150101,"AQ Master wired x1 Ms","Standard 1",2.9434,921
2020-12-01,A3120150306,"AQ Gamers ","Premium 2",19.3003,744
2020-12-01,A6620160501,"AQ Clx3",Standard,22.8530,1127
2020-12-01,A1718150203,"AQ MB Crossx","Plus 2",27.3445,127
2020-12-01,A4720110702,"AQ GEN Z","Standard Blue",371.4027,41
2020-12-01,A6520160403,"AQ Clx2",Premium,21.2830,839
2020-12-01,A4419110401,"AQ Elite","Standard Grey",271.3471,67
2020-12-01,A0821150502,"AQ Marquee P3","Plus 1",43.2966,80
2020-12-01,A4519110503,"AQ Gen X","Standard Red",306.9189,68
2020-12-01,A2118150102,"AQ Master wired x1 Ms","Standard 2",3.9998,1816
2020-12-01,A4319110302,"AQ Velocity","Standard Blue",267.2091,33
2020-12-01,A4721110703,"AQ GEN Z","Standard Red",361.6496,37
2020-12-01,A6520160402,"AQ Clx2",Plus,20.1650,195
2020-12-01,A4520110504,"AQ Gen X","Plus Grey",341.7343,40
2020-12-01,A3120150305,"AQ Gamers ","Premium 1",16.3218,681
2020-12-01,A6519160401,"AQ Clx2",Standard,20.2889,539
2020-12-01,A0821150501,"AQ Marquee P3",Standard,40.5013,333
2020-12-01,A4419110407,"AQ Elite","Premium Black",287.4934,16
2020-12-01,A2118150103,"AQ Master wired x1 Ms","Plus 1",4.5295,1771
2020-12-01,A3521150704,"AQ Trigger","Plus 2",33.6246,304
2020-12-01,A3421150606,"AQ Qwerty","Premium 2",29.6709,744
2020-12-01,A4721110704,"AQ GEN Z","Plus Grey",380.2153,48
2020-12-01,A6419160303,"AQ Clx1",Premium,19.3342,1662
2020-12-01,A1319150401,"AQ Electron 5 3600 Desktop Processor",Standard,149.1034,353
2020-12-01,A4721110705,"AQ GEN Z","Plus Blue",377.4069,19
2020-12-01,A3818150201,"AQ LION x2",Standard,17.2648,138
2020-12-01,A4419110403,"AQ Elite","Standard Red",288.0503,17
2020-12-01,A2118150104,"AQ Master wired x1 Ms","Plus 2",5.0459,584
2020-12-01,A0721150404,"AQ GT 21",Premium,39.1215,99
2020-12-01,A6419160302,"AQ Clx1",Plus,19.6723,943
2020-12-01,A1718150204,"AQ MB Crossx",Premium,28.3991,191
2020-12-01,A3120150304,"AQ Gamers ","Plus 2",16.3792,1384
2020-12-01,A6419160301,"AQ Clx1",Standard,17.8043,1348
2020-12-01,A1618150103,"AQ MB Elite","Plus 2",21.2017,208
2020-12-01,A4918110101,"AQ BZ 101","Standard Grey",419.1936,36
2020-12-01,A3320150505,"AQ Maxima","Premium 1",23.0844,247
2020-12-01,A2118150105,"AQ Master wired x1 Ms","Premium 1",4.6904,1123
2020-12-01,A4218110203,"AQ Digit","Standard Red",236.8486,48
2020-12-01,A0721150403,"AQ GT 21","Plus 2",39.2990,149
2020-12-01,A6319160203,"AQ Neuer SSD",Premium,19.3433,438
2020-12-01,A3320150502,"AQ Maxima","Standard 2",21.6988,1191
2020-12-01,A3119150303,"AQ Gamers ","Plus 1",16.2407,317
2020-12-01,A6319160202,"AQ Neuer SSD",Plus,18.5733,1715
2020-12-01,A0721150402,"AQ GT 21","Plus 1",39.1465,198
2020-12-01,A4318110301,"AQ Velocity","Standard Grey",264.7000,42
2020-12-01,A2118150106,"AQ Master wired x1 Ms","Premium 2",5.2542,749
2020-12-01,A3420150601,"AQ Qwerty","Standard 1",24.5690,310
2020-12-01,A4520110505,"AQ Gen X","Plus Blue",325.2156,15
2020-12-01,A4918110102,"AQ BZ 101","Standard Blue",451.4881,39
2020-12-01,A6319160201,"AQ Neuer SSD",Standard,17.3590,782
2020-12-01,A1219150303,"AQ 5000 Series Ultron 8 5900X Desktop Processor",Premium,142.9402,349
2020-12-01,A4918110103,"AQ BZ 101","Premium Black",428.1451,41
2020-12-01,A0721150401,"AQ GT 21",Standard,39.3377,287
2020-12-01,A3421150603,"AQ Qwerty","Plus 1",26.9507,523
2020-12-01,A2218150201,"AQ Master wireless x1 Ms","Standard 1",5.4383,1827
2020-12-01,A3119150302,"AQ Gamers ","Standard 2",15.3071,507
2020-12-01,A6219160103,"AQ Digit SSD",Premium,16.3003,1393
2020-12-01,A1819150301,"AQ MB Crossx 2",Standard,28.8615,57
2020-12-01,A4918110104,"AQ BZ 101","Premium Misty Green",460.2805,41
2020-12-01,A6218160102,"AQ Digit SSD",Plus,15.2481,1247
2020-12-01,A4520110506,"AQ Gen X","Plus Red",325.2561,21
2020-12-01,A0621150308,"AQ Mforce Gen Z","Premium 2",39.3990,343
2020-12-01,A4419110405,"AQ Elite","Plus Blue",291.2071,39
2020-12-01,A2218150202,"AQ Master wireless x1 Ms","Standard 2",6.4054,640
2020-12-01,A4218110202,"AQ Digit","Standard Blue",215.9341,42
2020-12-01,A5018110201,"AQ BZ Compact","Standard Grey",451.7049,34
2020-12-01,A6218160101,"AQ Digit SSD",Standard,13.5941,341
2020-12-01,A3521150701,"AQ Trigger","Standard 1",29.3872,1188
2020-12-01,A3119150301,"AQ Gamers ","Standard 1",13.5061,247
2020-12-01,A6120110206,"AQ HOME Allin1 Gen 2","Plus 3",810.6034,4
2020-12-01,A0621150307,"AQ Mforce Gen Z","Premium 1",36.2434,352
2020-12-01,A3818150202,"AQ LION x2","Plus 1 ",17.5197,127
2020-12-01,A2219150203,"AQ Master wireless x1 Ms","Plus 1",6.7301,1333
2020-12-01,A4218110208,"AQ Digit","Premium Misty Green",243.0414,57
2020-12-01,A5018110202,"AQ BZ Compact","Standard Blue",462.5568,35
2020-12-01,A6120110205,"AQ HOME Allin1 Gen 2","Plus 2",834.9812,8
2020-12-01,A4419110404,"AQ Elite","Plus Grey",286.8973,51
2020-12-01,A0620150306,"AQ Mforce Gen Z","Plus 3",37.5278,332
2020-12-01,A6119110204,"AQ HOME Allin1 Gen 2","Plus 1",807.2638,6
2020-12-01,A3019150206,"AQ Master wireless x1","Premium 2",13.0018,348
2020-12-01,A3320150501,"AQ Maxima","Standard 1",20.3908,228
2020-12-01,A2219150204,"AQ Master wireless x1 Ms","Plus 2",7.3526,1842
2020-12-01,A1420150502,"AQ Electron 4 3600 Desktop Processor",Plus,169.4999,174
2020-12-01,A1819150302,"AQ MB Crossx 2","Plus 1",31.9525,53
2020-12-01,A5018110203,"AQ BZ Compact","Standard Red",452.1420,22
2020-12-01,A6119110203,"AQ HOME Allin1 Gen 2","Standard 3",769.5635,10
2020-12-01,A1219150302,"AQ 5000 Series Ultron 8 5900X Desktop Processor",Plus,145.1474,279
2020-12-01,A0620150305,"AQ Mforce Gen Z","Plus 2",36.5679,335
2020-12-01,A5018110204,"AQ BZ Compact","Plus Grey",447.7337,47
2020-12-01,A4218110207,"AQ Digit","Premium Black",249.1303,46
2020-12-01,A2219150205,"AQ Master wireless x1 Ms","Premium 1",7.9813,1595
2020-12-01,A4020150402,"AQ Mx NB","Plus 1 ",28.4500,62
2020-12-01,A6119110202,"AQ HOME Allin1 Gen 2","Standard 2",790.1040,9
2020-12-01,A4419110408,"AQ Elite","Premium Misty Green",297.0277,62
2020-12-01,A3019150205,"AQ Master wireless x1","Premium 1",12.0509,1236
2020-12-01,A6119110201,"AQ HOME Allin1 Gen 2","Standard 1",824.0889,8
2020-12-01,A4520110507,"AQ Gen X","Premium Black",322.9426,68
2020-12-01,A0620150304,"AQ Mforce Gen Z","Plus 1",37.5826,92
2020-12-01,A3420150602,"AQ Qwerty","Standard 2",23.9726,336
2020-12-01,A2219150206,"AQ Master wireless x1 Ms","Premium 2",8.3193,401
2020-12-01,A3521150702,"AQ Trigger","Standard 2",30.3414,1049
2020-12-01,A5018110205,"AQ BZ Compact","Plus Blue",486.1763,18
2020-12-01,A6019110108,"AQ Home Allin1","Premium 2",796.6606,10
2020-12-01,A1219150301,"AQ 5000 Series Ultron 8 5900X Desktop Processor",Standard,135.6822,50
2020-12-01,A5018110206,"AQ BZ Compact","Plus Red",475.5544,21
2020-12-01,A6019110107,"AQ Home Allin1","Premium 1",785.9918,4
2020-12-01,A0620150303,"AQ Mforce Gen Z","Standard 3",34.2412,325
2020-12-01,A1618150104,"AQ MB Elite",Premium,21.4489,167
2020-12-01,A2319150301,"AQ Gamers Ms","Standard 1",8.8044,1587
2020-12-01,A3521150705,"AQ Trigger","Premium 1",34.5114,897
2020-12-01,A1819150303,"AQ MB Crossx 2","Plus 2",32.1924,126
2020-12-01,A3019150204,"AQ Master wireless x1","Plus 2",11.6011,1324
2020-12-01,A6018110106,"AQ Home Allin1","Plus 3",787.5874,2
2020-12-01,A3920150302,"AQ LION x3","Plus 1 ",23.1520,55
2020-12-01,A5018110207,"AQ BZ Compact","Premium Black",475.1904,12
2020-12-01,A0619150302,"AQ Mforce Gen Z","Standard 2",34.0973,235
2020-12-01,A3220150406,"AQ Lite","Premium 2",20.0066,1020
2020-12-01,A2319150302,"AQ Gamers Ms","Standard 2",8.9901,1250
2020-12-01,A3018150203,"AQ Master wireless x1","Plus 1",12.3739,431
2020-12-01,A6018110105,"AQ Home Allin1","Plus 2",766.6472,8
2020-12-01,A4218110206,"AQ Digit","Plus Red",237.0183,18
2020-12-01,A0619150301,"AQ Mforce Gen Z","Standard 1",30.4696,84
2020-12-01,A6018110104,"AQ Home Allin1","Plus 1",749.0987,6
2020-12-01,A4319110306,"AQ Velocity","Plus Red",275.8194,62
2020-12-01,A5019110208,"AQ BZ Compact","Premium Misty Green",467.3047,36
2020-12-01,A4520110508,"AQ Gen X","Premium Misty Green",327.0930,70
2020-12-01,A2319150303,"AQ Gamers Ms","Plus 1",9.3977,341
2020-12-01,A5119110301,"AQ BZ Gen Y","Standard Grey",479.0441,40
2020-12-01,A0519150208,"AQ Mforce Gen Y","Premium 2",30.5816,184
2020-12-01,A6018110103,"AQ Home Allin1","Standard 3",770.9789,5
2020-12-01,A4218110205,"AQ Digit","Plus Blue",240.1403,40
2020-12-01,A3018150202,"AQ Master wireless x1","Standard 2",11.0524,1498
2020-12-01,A6018110102,"AQ Home Allin1","Standard 2",764.0542,9
2020-12-01,A5119110302,"AQ BZ Gen Y","Standard Blue",474.3132,19
2020-12-01,A1119150203,"AQ 5000 Series Electron 8 5900X Desktop Processor",Premium,139.8962,108
2020-12-01,A2319150304,"AQ Gamers Ms","Plus 2",10.4573,1430
2020-12-01,A4218110201,"AQ Digit","Standard Grey",200.2732,35
2020-12-01,A1521150601,"AQ Electron 3 3600 Desktop Processor",Standard,186.2917,297
2020-12-01,A0519150207,"AQ Mforce Gen Y","Premium 1",32.4427,48
2020-12-01,A6018110101,"AQ Home Allin1","Standard 1",800.4577,3
2020-12-01,A1819150304,"AQ MB Crossx 2",Premium,32.2612,102
2020-12-01,A5119110303,"AQ BZ Gen Y","Standard Red",474.3154,43
2020-12-01,A3920150301,"AQ LION x3",Standard,22.1454,45
2020-12-01,A4620110601,"AQ Gen Y","Standard Grey",347.2474,24
2020-12-01,A2319150305,"AQ Gamers Ms","Premium 1",10.4370,1209
2020-12-01,A4519110501,"AQ Gen X","Standard Grey",311.8396,44
2020-12-01,A5821110108,"AQ BZ Allin1","Premium 2",746.7388,51
2020-12-01,A7321160303,"AQ Wi Power Dx3",Premium,42.8483,708
2020-12-01,A3018150201,"AQ Master wireless x1","Standard 1",10.7955,1543
2020-12-01,A3920150304,"AQ LION x3","Plus 3",25.0442,128
2020-12-01,A0519150206,"AQ Mforce Gen Y","Plus 3",31.2439,125
2020-12-01,A5119110305,"AQ BZ Gen Y","Plus Blue",483.3813,45
2020-12-01,A3220150405,"AQ Lite","Premium 1",18.9415,1147
2020-12-01,A2319150306,"AQ Gamers Ms","Premium 2",10.8659,389
2020-12-01,A3718150105,"AQ LION x1",Premium,18.0312,57
2020-12-01,A5820110106,"AQ BZ Allin1","Plus 3",692.5242,35
2020-12-01,A7321160302,"AQ Wi Power Dx3",Plus,43.9446,487
2020-12-01,A0519150205,"AQ Mforce Gen Y","Plus 2",29.7008,178
2020-12-01,A5820110105,"AQ BZ Allin1","Plus 2",709.3926,9
2020-12-01,A1118150202,"AQ 5000 Series Electron 8 5900X Desktop Processor",Plus,129.5836,46
2020-12-01,A2918150106,"AQ Master wired x1","Premium 2",10.4188,627
2020-12-01,A1618150101,"AQ MB Elite",Standard,19.6485,167
2020-12-01,A2419150401,"AQ Lite Ms","Standard 1",11.4829,513
2020-12-01,A4118110107,"AQ Aspiron","Premium Black",195.7721,30
2020-12-01,A5119110306,"AQ BZ Gen Y","Plus Red",486.4857,18
2020-12-01,A5820110104,"AQ BZ Allin1","Plus 1",690.4971,41
2020-12-01,A1919150401,"AQ MB Lito",Standard,33.7609,41
2020-12-01,A0519150204,"AQ Mforce Gen Y","Plus 1",26.1081,101
2020-12-01,A5820110103,"AQ BZ Allin1","Standard 3",735.1465,35
2020-12-01,A5119110307,"AQ BZ Gen Y","Premium Black",516.4580,16
2020-12-01,A3521150703,"AQ Trigger","Plus 1",31.7665,827
2020-12-01,A2419150402,"AQ Lite Ms","Standard 2",11.2819,1483
2020-12-01,A2918150105,"AQ Master wired x1","Premium 1",9.4650,1315
2020-12-01,A3421150604,"AQ Qwerty","Plus 2",27.4152,1350
2020-12-01,A0519150203,"AQ Mforce Gen Y","Standard 3",26.5871,356
2020-12-01,A5820110102,"AQ BZ Allin1","Standard 2",697.5541,13
2020-12-01,A4620110602,"AQ Gen Y","Standard Blue",346.6886,31
2020-12-01,A5119110308,"AQ BZ Gen Y","Premium Misty Green",512.5811,24
2020-12-01,A5219110401,"AQ BZ Gen Z","Standard Grey",506.9644,35
2020-12-01,A7321160301,"AQ Wi Power Dx3",Standard,40.7954,135
2020-12-01,A2419150403,"AQ Lite Ms","Plus 1",10.8925,711
2020-12-01,A1420150501,"AQ Electron 4 3600 Desktop Processor",Standard,160.5082,41
2020-12-01,A5820110101,"AQ BZ Allin1","Standard 1",681.3022,24
2020-12-01,A4620110603,"AQ Gen Y","Standard Red",366.0459,37
2020-12-01,A0519150202,"AQ Mforce Gen Y","Standard 2",24.9298,174
2020-12-01,A5721110506,"AQ Smash 2","Plus Black",720.5460,21
2020-12-01,A1118150201,"AQ 5000 Series Electron 8 5900X Desktop Processor",Standard,124.2640,264
2020-12-01,A2918150104,"AQ Master wired x1","Plus 2",8.9514,1071
2020-12-01,A1618150102,"AQ MB Elite","Plus 1",20.4629,80
2020-12-01,A2419150404,"AQ Lite Ms","Plus 2",11.6332,1183
2020-12-01,A3718150101,"AQ LION x1",Standard,16.5127,114
2020-12-01,A5219110402,"AQ BZ Gen Z","Standard Blue",490.1582,40
2020-12-01,A5721110505,"AQ Smash 2","Plus Cool Blue",674.4272,30
2020-12-01,A1919150402,"AQ MB Lito","Plus 1",35.0256,131
2020-12-01,A0519150201,"AQ Mforce Gen Y","Standard 1",22.3984,126
2020-12-01,A5721110504,"AQ Smash 2","Plus Firey Red",655.8348,11
2020-12-01,A4021150403,"AQ Mx NB","Plus 2",29.9423,86
2020-12-01,A1718150201,"AQ MB Crossx",Standard,21.8879,164
2020-12-01,A2419150405,"AQ Lite Ms","Premium 1",12.7423,846
2020-12-01,A7220160203,"AQ Wi Power Dx2",Premium,37.4784,132
2020-12-01,A3920150303,"AQ LION x3","Plus 2",25.4670,152
2020-12-01,A2918150103,"AQ Master wired x1","Plus 1",7.7693,706
2020-12-01,A5721110503,"AQ Smash 2","Standard Black",678.3035,24
2020-12-01,A3220150404,"AQ Lite","Plus 2",18.4219,950
2020-12-01,A0418150106,"AQ Mforce Gen X","Plus 3",19.9365,248
2020-12-01,A5219110403,"AQ BZ Gen Z","Standard Red",525.8042,35
2020-12-01,A7220160202,"AQ Wi Power Dx2",Plus,35.2053,1083
2020-12-01,A2420150406,"AQ Lite Ms","Premium 2",12.2979,1179
2020-12-01,A3819150203,"AQ LION x2","Plus 2",18.4533,68
2020-12-01,A5721110502,"AQ Smash 2","Standard Cool Blue",627.9938,25
2020-12-01,A4620110604,"AQ Gen Y","Plus Grey",353.0982,56
2020-12-01,A5219110405,"AQ BZ Gen Z","Plus Blue",521.2603,41
2020-12-01,A5721110501,"AQ Smash 2","Standard Firey Red",649.6929,9
2020-12-01,A4319110305,"AQ Velocity","Plus Blue",277.8079,12
2020-12-01,A0418150105,"AQ Mforce Gen X","Plus 2",20.0766,329
2020-12-01,A1919150403,"AQ MB Lito","Plus 2",35.8350,73
2020-12-01,A2520150501,"AQ Maxima Ms","Standard 1",12.0689,1363
2020-12-01,A2918150102,"AQ Master wired x1","Standard 2",7.5979,748
2020-12-01,A5219110406,"AQ BZ Gen Z","Plus Red",550.4597,41
2020-12-01,A5621110408,"AQ Smash 1","Premium Misty Green",657.2525,18
2020-12-01,A3320150506,"AQ Maxima","Premium 2",23.7678,1198
2020-12-01,A0418150104,"AQ Mforce Gen X","Plus 1",19.9239,110
2020-12-01,A5621110407,"AQ Smash 1","Premium Black",655.7782,19
2020-12-01,A5219110407,"AQ BZ Gen Z","Premium Black",545.5931,23
2020-12-01,A1018150103,"AQ 5000 Series Electron 9 5900X Desktop Processor",Premium,123.9315,350
2020-12-01,A2520150502,"AQ Maxima Ms","Standard 2",14.5267,1760
2020-12-01,A4118110106,"AQ Aspiron","Plus Red",187.7533,54
2020-12-01,A7219160201,"AQ Wi Power Dx2",Standard,32.9575,531
2020-12-01,A2918150101,"AQ Master wired x1","Standard 1",6.8991,1568
2020-12-01,A5621110406,"AQ Smash 1","Plus Black",644.3777,25
2020-12-01,A3320150504,"AQ Maxima","Plus 2",22.1341,539
2020-12-01,A0418150103,"AQ Mforce Gen X","Standard 3",19.5235,230
2020-12-01,A5220110408,"AQ BZ Gen Z","Premium Misty Green",533.0397,19
2020-12-01,A3920150305,"AQ LION x3",Premium,27.4546,82
2020-12-01,A2520150503,"AQ Maxima Ms","Plus 1",14.1682,1194
2020-12-01,A7119160103,"AQ Wi Power Dx1",Premium,28.7736,293
2020-12-01,A5621110405,"AQ Smash 1","Plus Cool Blue",601.8173,25
2020-12-01,A3220150403,"AQ Lite","Plus 1",18.5844,596
2020-12-01,A4021150404,"AQ Mx NB","Plus 3",28.5800,89
2020-12-01,A5621110404,"AQ Smash 1","Plus Firey Red",639.9614,25
2020-12-01,A4319110304,"AQ Velocity","Plus Grey",267.0636,73
2020-12-01,A0321150303,"AQ Zion Saga",Premium,28.0059,275
2020-12-01,A1920150404,"AQ MB Lito",Premium,38.9780,207
2020-12-01,A2520150504,"AQ Maxima Ms","Plus 2",14.2800,1587
2020-12-01,A2821150801,"AQ Lumina Ms","Standard 1",21.7118,1142
2020-12-01,A5318110103,"AQ Gamer 1","Standard Black",584.9722,18
2020-12-01,A5621110403,"AQ Smash 1","Standard Black",631.1855,9
2020-12-01,A1018150102,"AQ 5000 Series Electron 9 5900X Desktop Processor",Plus,123.4797,166
2020-12-01,A5820110107,"AQ BZ Allin1","Premium 1",737.6775,12
2020-12-01,A5620110402,"AQ Smash 1","Standard Cool Blue",593.8297,17
2020-12-01,A0321150302,"AQ Zion Saga",Plus,27.1027,339
2020-12-01,A4419110406,"AQ Elite","Plus Red",287.5666,27
2020-12-01,A2520150505,"AQ Maxima Ms","Premium 1",15.1762,1692
2020-12-01,A5318110104,"AQ Gamer 1","Plus Firey Red",586.3824,16
2020-12-01,A4620110605,"AQ Gen Y","Plus Blue",349.2525,16
2020-12-01,A2721150706,"AQ Trigger Ms","Premium 2",20.0537,573
2020-12-01,A5620110401,"AQ Smash 1","Standard Firey Red",642.0698,11
2020-12-01,A7119160102,"AQ Wi Power Dx1",Plus,29.9264,697
2020-12-01,A0320150301,"AQ Zion Saga",Standard,23.7223,364
2020-12-01,A5318110105,"AQ Gamer 1","Plus Cool Blue",551.3303,13
2020-12-01,A4519110502,"AQ Gen X","Standard Blue",300.3378,54
2020-12-01,A2520150506,"AQ Maxima Ms","Premium 2",14.5677,1101
2020-12-01,A4620110606,"AQ Gen Y","Plus Red",348.5375,56
2020-12-01,A5520110308,"AQ Gamer 3","Premium Misty Green",590.1159,22
2020-12-01,A1018150101,"AQ 5000 Series Electron 9 5900X Desktop Processor",Standard,111.1036,281
2020-12-01,A0220150203,"AQ WereWolf NAS Internal Hard Drive HDD – 8.89 cm",Premium,23.6154,121
2020-12-01,A5520110307,"AQ Gamer 3","Premium Black",609.7926,18
2020-12-01,A4419110402,"AQ Elite","Standard Blue",281.9504,70
2020-12-01,A2721150705,"AQ Trigger Ms","Premium 1",19.4042,464
2020-12-01,A2020150501,"AQ MB Lito 2",Standard,41.3696,34
2020-12-01,A2620150601,"AQ Qwerty Ms","Standard 1",14.9013,513
2020-12-01,A3718150102,"AQ LION x1","Plus 1 ",16.1015,149
2020-12-01,A5318110106,"AQ Gamer 1","Plus Black",565.8747,7
2020-12-01,A5520110306,"AQ Gamer 3","Plus Black",639.6816,9
2020-12-01,A4218110204,"AQ Digit","Plus Grey",232.1038,41
2020-12-01,A0219150202,"AQ WereWolf NAS Internal Hard Drive HDD – 8.89 cm",Plus,24.7312,409
2020-12-01,A5520110305,"AQ Gamer 3","Plus Cool Blue",632.4885,13
2020-12-01,A5318110107,"AQ Gamer 1","Premium Black",571.6489,31
2020-12-01,A7118160101,"AQ Wi Power Dx1",Standard,29.6712,1218
2020-12-01,A2620150602,"AQ Qwerty Ms","Standard 2",15.8102,1584
2020-12-01,A3819150204,"AQ LION x2","Plus 3",21.1942,98
2020-12-01,A1718150202,"AQ MB Crossx","Plus 1",22.8957,142
2020-12-01,A3718150103,"AQ LION x1","Plus 2",17.5697,62
2020-12-01,A5519110304,"AQ Gamer 3","Plus Firey Red",597.7704,25
2020-12-01,A3220150402,"AQ Lite","Standard 2",18.7947,577
2020-12-01,A2721150704,"AQ Trigger Ms","Plus 2",19.5860,977
2020-12-01,A0219150201,"AQ WereWolf NAS Internal Hard Drive HDD – 8.89 cm",Standard,23.6987,362
2020-12-01,A6819160203,"AQ Pen Drive DRC",Premium,5.0984,1394
2020-12-01,A2620150603,"AQ Qwerty Ms","Plus 1",15.9792,1269
2020-12-01,A4118110105,"AQ Aspiron","Plus Blue",182.8932,57
2020-12-01,A5519110303,"AQ Gamer 3","Standard Black",604.2721,30
2020-12-01,A1320150403,"AQ Electron 5 3600 Desktop Processor",Premium,160.6912,79
2020-12-01,A5318110108,"AQ Gamer 1","Premium Misty Green",579.6609,29
2020-12-01,A5519110302,"AQ Gamer 3","Standard Cool Blue",605.8642,30
2020-12-01,A4620110607,"AQ Gen Y","Premium Black",347.8030,58
2020-12-01,A5419110201,"AQ Gamer 2","Standard Firey Red",585.0003,22
2020-12-01,A1521150602,"AQ Electron 3 3600 Desktop Processor",Plus,185.4599,210
2020-12-01,A2620150604,"AQ Qwerty Ms","Plus 2",16.5491,726
2020-12-01,A2020150502,"AQ MB Lito 2","Plus 1",39.3932,148
2020-12-01,A0118150104,"AQ Dracula HDD – 3.5 Inch SATA 6 Gb/s 5400 RPM 256 MB Cache","Premium Plus",22.9729,199
2020-12-01,A5519110301,"AQ Gamer 3","Standard Firey Red",589.7411,8
2020-12-01,A3421150605,"AQ Qwerty","Premium 1",29.8692,1128
2020-12-01,A2721150703,"AQ Trigger Ms","Plus 1",16.9353,970
2020-12-01,A5419110208,"AQ Gamer 2","Premium Misty Green",608.4070,9
2020-12-01,A5419110202,"AQ Gamer 2","Standard Cool Blue",567.9271,16
2020-12-01,A0921150601,"AQ Marquee P4",Standard,45.0813,147
2020-12-01,A2620150605,"AQ Qwerty Ms","Premium 1",16.5882,318
2020-12-01,A0118150103,"AQ Dracula HDD – 3.5 Inch SATA 6 Gb/s 5400 RPM 256 MB Cache",Premium,21.7795,383
2020-12-01,A6818160202,"AQ Pen Drive DRC",Plus,3.8531,722
2020-12-01,A2721150702,"AQ Trigger Ms","Standard 2",17.2368,1501
2020-12-01,A5419110207,"AQ Gamer 2","Premium Black",599.2302,6
2020-12-01,A3819150205,"AQ LION x2",Premium,21.6066,61
2020-12-01,A0118150102,"AQ Dracula HDD – 3.5 Inch SATA 6 Gb/s 5400 RPM 256 MB Cache",Plus,21.4565,172
2020-12-01,A5419110203,"AQ Gamer 2","Standard Black",595.5711,27
2020-12-01,A4620110608,"AQ Gen Y","Premium Misty Green",363.0630,40
2020-12-01,A2620150606,"AQ Qwerty Ms","Premium 2",16.7850,651
2020-12-01,A4021150405,"AQ Mx NB",Premium,31.7029,68
2020-12-01,A5419110206,"AQ Gamer 2","Plus Black",601.6398,7
2020-12-01,A6818160201,"AQ Pen Drive DRC",Standard,2.9990,2085
2020-12-01,A5419110204,"AQ Gamer 2","Plus Firey Red",602.9200,9
2020-12-01,A5419110205,"AQ Gamer 2","Plus Cool Blue",570.7578,25
2020-12-01,A3220150401,"AQ Lite","Standard 1",18.4943,1118
2020-12-01,A0118150101,"AQ Dracula HDD – 3.5 Inch SATA 6 Gb/s 5400 RPM 256 MB Cache",Standard,19.0573,113
